-- phpMyAdmin SQL Dump
-- version 4.2.12deb2
-- http://www.phpmyadmin.net
--
-- Host: localhost
-- Generation Time: Apr 24, 2016 at 11:16 AM
-- Server version: 5.5.44-0+deb8u1
-- PHP Version: 5.6.13-0+deb8u1

SET SQL_MODE = "NO_AUTO_VALUE_ON_ZERO";
SET time_zone = "+00:00";


/*!40101 SET @OLD_CHARACTER_SET_CLIENT=@@CHARACTER_SET_CLIENT */;
/*!40101 SET @OLD_CHARACTER_SET_RESULTS=@@CHARACTER_SET_RESULTS */;
/*!40101 SET @OLD_COLLATION_CONNECTION=@@COLLATION_CONNECTION */;
/*!40101 SET NAMES utf8 */;

--
-- Database: `Swimrace`
--

-- --------------------------------------------------------

--
-- Table structure for table `Races`
--

CREATE TABLE IF NOT EXISTS `Races` (
`ID` int(11) NOT NULL,
  `Description` varchar(255) NOT NULL,
  `Cap` varchar(64) NOT NULL,
  `CapHex` varchar(16) NOT NULL
) ENGINE=InnoDB AUTO_INCREMENT=4 DEFAULT CHARSET=armscii8;

--
-- Dumping data for table `Races`
--

INSERT INTO `Races` (`ID`, `Description`, `Cap`, `CapHex`) VALUES
(1, '5 Mile', 'Yellow', '#FFFF00'),
(2, '2 Mile', 'Green', '#33CC33'),
(3, '1 Mile', 'Pink', '#FF66CC');

-- --------------------------------------------------------

--
-- Table structure for table `RaceSwimmers`
--

CREATE TABLE IF NOT EXISTS `RaceSwimmers` (
`ID` int(11) NOT NULL,
  `SwimmerID` int(11) NOT NULL,
  `RaceID` int(11) NOT NULL,
  `RacerNumber` int(11) NOT NULL,
  `HasFins` int(11) NOT NULL
) ENGINE=InnoDB AUTO_INCREMENT=172 DEFAULT CHARSET=armscii8;

--
-- Dumping data for table `RaceSwimmers`
--

INSERT INTO `RaceSwimmers` (`ID`, `SwimmerID`, `RaceID`, `RacerNumber`, `HasFins`) VALUES
(1, 12, 3, 23, 0),
(2, 7, 3, 101, 0),
(3, 162, 1, 2, 0),
(4, 114, 1, 3, 0),
(5, 145, 1, 4, 0),
(6, 59, 2, 201, 0),
(7, 178, 1, 5, 1),
(8, 20, 3, 102, 0),
(9, 175, 1, 7, 0),
(10, 143, 1, 6, 0),
(11, 144, 1, 8, 0),
(12, 132, 1, 9, 0),
(13, 94, 1, 10, 0),
(14, 110, 1, 11, 0),
(15, 163, 2, 202, 0),
(16, 92, 1, 13, 0),
(17, 21, 3, 103, 0),
(18, 121, 1, 12, 1),
(19, 4, 3, 104, 0),
(20, 28, 3, 105, 0),
(21, 81, 1, 14, 0),
(22, 109, 1, 15, 0),
(24, 49, 2, 204, 0),
(25, 14, 3, 106, 0),
(26, 137, 1, 16, 0),
(27, 74, 2, 206, 0),
(28, 75, 2, 205, 0),
(29, 159, 1, 17, 0),
(30, 5, 3, 107, 0),
(31, 126, 1, 19, 0),
(32, 2, 3, 108, 0),
(33, 6, 3, 109, 1),
(34, 42, 3, 110, 0),
(35, 136, 1, 20, 0),
(36, 79, 2, 207, 1),
(37, 122, 1, 21, 0),
(38, 8, 3, 111, 0),
(39, 47, 2, 208, 0),
(40, 117, 1, 22, 0),
(41, 139, 1, 28, 0),
(42, 140, 1, 24, 0),
(43, 22, 3, 112, 0),
(44, 44, 2, 210, 0),
(45, 67, 2, 209, 0),
(46, 101, 1, 26, 0),
(47, 174, 1, 25, 1),
(48, 166, 1, 27, 0),
(49, 73, 2, 212, 0),
(50, 91, 1, 29, 0),
(51, 39, 3, 113, 0),
(52, 158, 1, 30, 0),
(53, 104, 1, 31, 0),
(54, 26, 3, 114, 0),
(55, 181, 1, 32, 0),
(56, 64, 2, 213, 0),
(57, 150, 1, 33, 0),
(58, 128, 1, 34, 0),
(59, 156, 1, 35, 0),
(60, 168, 1, 37, 0),
(61, 167, 1, 36, 0),
(62, 40, 2, 215, 0),
(63, 41, 2, 214, 1),
(64, 120, 1, 38, 0),
(65, 177, 3, 115, 1),
(66, 165, 1, 39, 0),
(67, 32, 3, 116, 1),
(68, 103, 1, 40, 1),
(69, 176, 1, 41, 1),
(70, 50, 2, 216, 0),
(71, 123, 1, 42, 0),
(72, 93, 1, 43, 0),
(73, 147, 1, 44, 0),
(74, 1, 3, 117, 0),
(75, 124, 1, 45, 0),
(76, 98, 1, 46, 0),
(77, 54, 1, 47, 0),
(78, 15, 3, 118, 0),
(79, 115, 1, 49, 0),
(80, 172, 1, 48, 0),
(81, 141, 1, 51, 0),
(82, 62, 1, 50, 0),
(83, 116, 1, 52, 0),
(84, 80, 1, 53, 1),
(85, 35, 2, 217, 0),
(86, 16, 3, 119, 0),
(87, 72, 2, 218, 0),
(88, 133, 1, 1, 0),
(89, 55, 2, 219, 0),
(90, 69, 3, 120, 0),
(91, 18, 3, 121, 0),
(92, 84, -1, 0, 0),
(93, 85, 1, 54, 0),
(94, 3, 3, 122, 0),
(95, 86, 1, 55, 0),
(96, 36, 2, 220, 0),
(97, 160, 1, 56, 0),
(98, 23, 3, 123, 0),
(99, 11, 3, 124, 0),
(101, 146, 1, 57, 0),
(102, 180, 3, 126, 0),
(103, 111, 1, 58, 0),
(104, 112, 1, 59, 0),
(105, 173, 1, 60, 0),
(106, 138, 1, 61, 0),
(107, 52, 2, 221, 0),
(108, 88, 1, 62, 0),
(109, 13, 3, 127, 0),
(110, 125, 1, 63, 0),
(111, 164, 1, 64, 0),
(112, 171, 1, 65, 0),
(113, 66, 2, 222, 0),
(114, 105, 1, 66, 0),
(115, 148, 1, 68, 0),
(116, 106, 1, 67, 0),
(117, 161, 1, 69, 0),
(118, 152, 1, 70, 0),
(119, 179, 1, 71, 1),
(121, 142, 1, 72, 0),
(122, 87, 1, 73, 0),
(123, 96, 2, 224, 0),
(124, 118, 1, 74, 0),
(125, 48, 2, 225, 0),
(126, 9, 3, 128, 0),
(128, 134, 1, 75, 0),
(129, 95, -1, 0, 0),
(130, 90, 1, 76, 0),
(131, 56, 2, 226, 0),
(132, 53, 2, 227, 0),
(133, 46, 2, 228, 0),
(134, 29, 3, 130, 0),
(135, 97, 1, 77, 1),
(136, 157, 1, 78, 0),
(137, 127, 1, 79, 0),
(138, 34, 2, 230, 0),
(139, 83, 1, 80, 0),
(140, 82, 1, 81, 0),
(141, 27, 3, 133, 0),
(142, 182, 2, 211, 0),
(144, 169, 1, 82, 0),
(145, 60, 2, 229, 0),
(146, 184, 3, 131, 0),
(147, 45, 2, 231, 0),
(148, 185, 3, 134, 0),
(149, 77, 2, 232, 1),
(150, 119, 1, 84, 0),
(151, 186, 1, 83, 0),
(152, 187, 2, 233, 0),
(153, 149, 1, 85, 0),
(154, 113, 1, 86, 0),
(155, 154, 1, 87, 0),
(156, 37, 2, 234, 0),
(157, 43, 2, 235, 0),
(158, 68, 2, 236, 0),
(159, 102, 1, 88, 0),
(160, 108, 1, 89, 0),
(161, 61, 2, 237, 0),
(162, 78, 2, 238, 1),
(163, 33, 2, 239, 0),
(164, 31, 3, 136, 1),
(165, 76, 2, 240, 0),
(166, 189, 3, 135, 0),
(167, 129, 1, 90, 0),
(168, 155, 1, 91, 0),
(169, 190, 1, 92, 0),
(170, 191, 3, 137, 0),
(171, 38, 2, 203, 0);

-- --------------------------------------------------------

--
-- Table structure for table `Swimmers`
--

CREATE TABLE IF NOT EXISTS `Swimmers` (
`ID` int(11) NOT NULL,
  `FirstName` varchar(100) NOT NULL,
  `LastName` varchar(100) NOT NULL,
  `Gender` varchar(2) NOT NULL,
  `Birthdate` date NOT NULL,
  `City` varchar(255) NOT NULL,
  `State` varchar(255) NOT NULL,
  `Country` varchar(255) NOT NULL
) ENGINE=InnoDB AUTO_INCREMENT=192 DEFAULT CHARSET=armscii8;

--
-- Dumping data for table `Swimmers`
--

INSERT INTO `Swimmers` (`ID`, `FirstName`, `LastName`, `Gender`, `Birthdate`, `City`, `State`, `Country`) VALUES
(1, 'Amanda', 'Almon', 'F', '1979-11-07', 'Glassboro', 'NJ', ''),
(2, 'Alphonso', 'Andrews', 'M', '1958-11-07', 'St Croix', 'VI', ''),
(3, 'Meghan', 'Awe', 'F', '1984-11-07', 'Boston', 'MA', ''),
(4, 'Jennifer', 'Cappeto', 'F', '1977-11-07', 'Denver', 'CO', ''),
(5, 'Alicia', 'Churaman', 'F', '1968-11-07', 'St Croix', 'VI', ''),
(6, 'Louise', 'Conover', 'F', '1951-11-07', 'Great Falls', 'VA', ''),
(7, 'Lisa', 'Gay', 'F', '1978-11-07', 'St Croix', 'VI', ''),
(8, 'Adam', 'Granoff', 'M', '1978-11-07', 'New York', 'NY', ''),
(9, 'David', 'Greeley', 'M', '2003-11-07', 'Durham', 'NC', ''),
(10, 'Don', 'Greeley', 'M', '1957-11-07', 'Durham', 'NC', ''),
(11, 'Troy', 'Holloway', 'M', '1963-11-07', 'St Croix', 'VI', ''),
(12, 'Misty', 'Hyman', 'F', '1980-11-07', 'Phoenix', 'AZ', ''),
(13, 'Dave', 'Johnson', 'M', '1950-11-07', 'Houston', 'TX', ''),
(14, 'Robb', 'Kuczynski', 'M', '1985-11-07', 'St Croix', 'VI', ''),
(15, 'Stella', 'Valitutto', 'F', '1974-11-07', 'Tampa', 'FL', ''),
(16, 'Steve', 'Lee', 'M', '1955-11-07', 'Tulsa', 'OK', ''),
(17, 'Patricia', 'McGovern', 'F', '1949-11-07', 'New York', 'NY', ''),
(18, 'Billy', 'McKnight', 'M', '1966-11-07', 'St Pete Beach', 'FL', ''),
(19, 'Dan', 'Meek', 'M', '1956-11-07', 'Franklin', 'WI', ''),
(20, 'Randall', 'Nielsen', 'M', '1968-11-07', 'St Croix', 'VI', ''),
(21, 'Kelley', 'Roebuck', 'F', '1980-11-07', 'St Croix', 'VI', ''),
(22, 'LaShawn', 'Soto', 'F', '1965-11-07', 'St Croix', 'VI', ''),
(23, 'Susan', 'Stallard', 'F', '1963-11-07', 'Falls Church', 'VA', ''),
(24, 'Rebekah', 'Trevino', 'F', '1974-11-07', 'San Antonio', 'TX', ''),
(25, 'John', 'Urschel', 'M', '1970-11-07', 'Amherst', 'MA', ''),
(26, 'Aidan', 'Urschel', 'M', '2001-11-07', 'Amherst', 'MA', ''),
(27, 'Drew', 'Wall', 'M', '1980-11-07', 'St Croix', 'VI', ''),
(28, 'Patrick', 'Wright', 'M', '1973-11-07', 'Denver', 'CO', ''),
(29, 'Parker', 'Younger', 'M', '2004-11-07', 'St Croix', 'VI', ''),
(30, 'Lisa', 'McKnight', 'F', '1969-11-07', 'St Pete Beach', 'FL', ''),
(31, 'Paula', 'McNichols', 'F', '1943-11-07', 'Winchester', 'VA', ''),
(32, 'Michelle', 'Veilleux', 'F', '1968-11-07', 'Saint Petersburg', 'FL', ''),
(33, 'Paul', 'Allaire', 'M', '1960-11-07', 'Watkinsville', 'GA', ''),
(34, 'Erin', 'Andrews', 'F', '2004-11-07', 'St. Croix', 'VI', ''),
(35, 'Holly', 'Apple', 'F', '1965-11-07', 'Whitefish', 'MT', ''),
(36, 'Holly', 'Ball', 'F', '1966-11-07', 'Town And Country', 'MO', ''),
(37, 'Gonzalo', 'Berrios', 'M', '1987-11-07', 'St Croix', 'VI', ''),
(38, 'Edward', 'Boaz', 'M', '1954-11-07', 'Naples', 'FL', ''),
(39, 'Hannah', 'Boring', 'F', '2002-11-07', 'St. Croix', 'VI', ''),
(40, 'Emma', 'Bourque', 'F', '1978-11-05', 'St. Croix', 'VI', ''),
(41, 'Mike', 'Bourque', 'M', '1977-07-20', 'St. Croix', 'VI', ''),
(42, 'David', 'Conover', 'M', '1951-11-07', 'Great Falls', 'VA', ''),
(43, 'Karen', 'Dion', 'F', '1966-11-07', 'Lakeside', 'MT', ''),
(44, 'Jeff', 'Dykstra', 'M', '1973-11-07', 'St. Croix', 'VI', ''),
(45, 'Sara ', 'Fauguher', 'F', '1978-11-07', 'St Croix', 'VI', ''),
(46, 'Marc', 'Gershel', 'M', '1972-11-07', 'New York', 'NY', ''),
(47, 'Ariel', 'Granoff', 'F', '1985-11-07', 'New York', 'NY', ''),
(48, 'Matthew', 'Greeley', 'M', '2001-11-07', 'Durham', 'NC', ''),
(49, 'Craig', 'Harrington', 'M', '1956-11-07', 'Naples', 'FL', ''),
(50, 'Jeanine', 'Hartnett', 'F', '1950-11-07', 'New York', 'NY', ''),
(51, 'Reynold', 'Hoover', 'M', '1961-11-07', 'Silver Spring', 'MD', ''),
(52, 'Jan', 'Johnson', 'F', '1952-11-07', 'Houston', 'TX', ''),
(53, 'Megan', 'Jones', 'F', '1979-11-07', 'New York', 'NY', ''),
(54, 'Anthony M', 'Kelly', 'M', '1955-11-07', 'Houston', 'TX', ''),
(55, 'Keith', 'Kelly', 'M', '1952-11-07', 'Tulsa', 'OK', ''),
(56, 'Kelly', 'Kuipers', 'F', '1969-11-07', 'St Croix', 'VI', ''),
(57, 'Elizabeth', 'Lennon', 'F', '1963-11-07', 'Phoenix', 'AZ', ''),
(58, 'Rolf', 'Lindberg', 'M', '1960-11-07', 'Shoreview', 'MN', ''),
(59, 'Victoria', 'Long', 'F', '1982-11-07', 'Alexandria', 'VA', ''),
(60, 'Kari', 'Loya', 'M', '1971-11-07', 'Kingshill', 'VI', ''),
(61, 'Elizabeth', 'Makman', 'F', '1962-11-07', 'Kalispell', 'MT', ''),
(62, 'Darcy', 'Marshall', 'F', '1961-11-07', 'Houston', 'TX', ''),
(63, 'Joel', 'McGlynn', 'M', '1959-11-07', 'Englewood', 'CO', ''),
(64, 'Mollie', 'Nadler', 'F', '1984-11-07', 'St Croix', 'VI', ''),
(65, 'Alyssa', 'Nielsen', 'F', '1986-11-07', 'Houston', 'TX', ''),
(66, 'Susan', 'O''Connor', 'F', '1958-11-07', 'Scranton', 'PA', ''),
(67, 'Laura', 'Parsons', 'F', '1961-11-07', 'Lexington', 'VA', ''),
(68, 'Adriana', 'Saunier', 'F', '1955-11-07', 'Kalispell', 'MT', ''),
(69, 'Jan', 'Schoenbauer', 'F', '1954-11-07', 'Washington', 'DC', ''),
(70, 'Leonard', 'Shannon', 'M', '1955-11-07', 'Pike Road', 'AL', ''),
(71, 'Joseph', 'Shannon', 'M', '1956-11-07', 'Hoffman Estates', 'IL', ''),
(72, 'Denise', 'Smart', 'F', '1963-11-07', 'Tulsa', 'OK', ''),
(73, 'Faith', 'Snow', 'F', '2000-11-07', 'St Croix', 'VI', ''),
(74, 'Karen', 'Steele', 'F', '1970-11-07', 'Bethlehem', 'PA', ''),
(75, 'Kirth', 'Steele', 'M', '1959-11-07', 'Bethlehem', 'PA', ''),
(76, 'Natalia', 'Westphal', 'F', '1959-11-07', 'Whitefish', 'MT', ''),
(77, 'James', 'Whitehurst', 'M', '1947-11-07', 'St Croix', 'VI', ''),
(78, 'Kathy', 'Allaire', 'F', '1960-11-07', 'Watkinsville', 'GA', ''),
(79, 'Joseph', 'Kasimer', 'M', '1950-11-07', 'Annandale', 'VA', ''),
(80, 'Tammy', 'Zitello', 'F', '1962-11-07', 'Atlanta', 'GA', ''),
(81, 'Kate', 'Alexander', 'F', '1958-11-07', 'Grand Cayman', 'CAY', ''),
(82, 'Jennifer', 'Andrews', 'F', '1973-11-07', 'St. Croix', 'VI', ''),
(83, 'Seth', 'Andrews', 'M', '1973-11-07', 'St. Croix', 'VI', ''),
(84, 'Elizabeth', 'Armstrong', 'F', '1966-11-07', 'St. Croix', 'VI', ''),
(85, 'Brian', 'Awe', 'M', '1984-11-07', 'Boston', 'MA', ''),
(86, 'Hal', 'Ball', 'M', '1962-11-07', 'St. Louis', 'MO', ''),
(87, 'GUY', 'BEN-ISHAI', 'M', '1971-11-07', 'New York', 'NY', ''),
(88, 'Rob', 'Benson', 'M', '1968-11-07', 'Mount Desert', 'ME', ''),
(89, 'Julie', 'Billingsley', 'F', '1959-11-07', 'Chevy Chase', 'MD', ''),
(90, 'Lydia', 'Boguslawska', 'F', '2001-11-07', 'St. Croix', 'VI', ''),
(91, 'Kelly', 'Boring', 'F', '1971-11-07', 'St Croix', 'VI', ''),
(92, 'Jane', 'Botta', 'F', '1968-11-07', 'Frankfort', 'IL', ''),
(93, 'Susan', 'Bowman', 'F', '1956-11-07', 'New York', 'NY', ''),
(94, 'Webster', 'Bozzo', 'M', '1999-11-07', 'St Croix', 'Vi', ''),
(95, 'Jamie', 'Breen', 'M', '1961-11-07', 'Atlanta', 'GA', ''),
(96, 'Peter', 'Brohn', 'M', '1968-11-07', 'Houston', 'TX', ''),
(97, 'Karen', 'Brohn', 'F', '1969-11-07', 'Houston', 'TX', ''),
(98, 'Melissa', 'Bybee', 'F', '1966-11-07', 'New York', 'NY', ''),
(99, 'Nick', 'Clark', 'M', '1983-11-07', 'Dallas', 'TX', ''),
(100, 'Chad', 'Cook', 'M', '1976-11-07', 'Dallas', 'TX', ''),
(101, 'David', 'Cowperthwaite', 'M', '1962-11-07', 'Parkes', 'NSW', ''),
(102, 'Bob', 'Crew', 'M', '1959-11-07', 'Wichita', 'KS', ''),
(103, 'Portia', 'Culley', 'F', '1971-11-07', 'Lake Worth', 'FL', ''),
(104, 'Sydne', 'Didier', 'F', '1971-11-07', 'Amherst', 'MA', ''),
(105, 'Lisa', 'Dougherty', 'F', '1965-11-07', 'Bradenton', 'FL', ''),
(106, 'Tom', 'Dougherty', 'M', '1958-11-07', 'Bradenton', 'FL', ''),
(107, 'John', 'Enquist', 'M', '1962-11-07', 'Old Greenwich', 'CT', ''),
(108, 'Robert', 'Farris', 'M', '1955-11-07', 'Katy', 'TX', ''),
(109, 'Gabriela', 'Feibel', 'F', '1988-11-07', 'Arlington', 'VA', ''),
(110, 'Ryan', 'Finan', 'M', '1989-11-07', 'Christiansted', 'VI', ''),
(111, 'JeanMarc', 'Fontaine', 'M', '1970-11-07', 'Greenacres', 'FL', ''),
(112, 'Thomas', 'Fontaine', 'M', '2001-11-07', 'Greenacres', 'FL', ''),
(113, 'Aaron', 'Freedman', 'M', '1963-11-07', 'St. Petersburg', 'FL', ''),
(114, 'Gavin', 'Gassen', 'M', '1966-11-07', 'St Croix', 'VI', ''),
(115, 'Jason', 'Gleason', 'M', '1974-11-07', 'St Croix', 'VI', ''),
(116, 'Lyn', 'Goldsmith', 'F', '1952-11-07', 'New York', 'NY', ''),
(117, 'Christopher', 'Graefe', 'M', '1974-11-07', 'Jamaica Plain', 'MA', ''),
(118, 'Sarah', 'Greeley', 'F', '1964-11-07', 'Durham', 'NC', ''),
(119, 'Bob', 'Halk', 'M', '1971-11-07', 'St. Croix', 'VI', ''),
(120, 'Petr', 'Havlik', 'M', '1987-11-07', 'Washington', 'DC', ''),
(121, 'kris', 'helke', 'F', '1969-11-07', 'Charleston', 'SC', ''),
(122, 'Patricia', 'Hickey', 'F', '1969-11-07', 'Arlington', 'VA', ''),
(123, 'Laura', 'Jones', 'F', '1965-11-07', 'Charlottesville', 'VA', ''),
(124, 'Rob', 'Jones', 'M', '1965-11-07', 'Charlottesville', 'VA', ''),
(125, 'Steve', 'Kammererzalt', 'M', '1973-11-07', 'St. Croix', 'VI', ''),
(126, 'Susan', 'Kasimer', 'F', '1982-11-07', 'Mclean', 'VA', ''),
(127, 'Christian', 'Keldsen', 'M', '1976-11-07', 'Nuuk', 'Greenland', ''),
(128, 'Kari', 'Kennedy', 'F', '1968-11-07', 'Flower Mound', 'TX', ''),
(129, 'Erich', 'Kimbrough', 'M', '1962-11-07', 'Atlanta', 'GA', ''),
(130, 'Kathryn', 'Kirmayer', 'F', '1964-11-07', 'Silver Spring', 'MD', ''),
(131, 'Christopher', 'Kirwan', 'M', '1965-11-07', 'Overland Park', 'KS', ''),
(132, 'Allison', 'Klein', 'F', '1972-11-07', 'Arlington', 'VA', ''),
(133, 'Alex', 'Kostich', 'M', '1971-11-07', 'Los Angeles', 'CA', ''),
(134, 'Natalia', 'Kuipers', 'F', '2002-11-07', 'St. Croix', 'VI', ''),
(135, 'Pauline Claire', 'Leith', 'F', '1963-11-07', 'Houston', 'TX', ''),
(136, 'Karmen', 'Lenz', 'F', '1961-11-07', 'Macon', 'GA', ''),
(137, 'Antonio', 'Lewitt', 'M', '1999-11-07', 'St Croix', 'VI', ''),
(138, 'daniel', 'livingstone', 'M', '1980-11-07', 'New Bedford', 'MA', ''),
(139, 'Robin', 'Lyon', 'F', '1971-11-07', 'Scottsdale', 'AZ', ''),
(140, 'Jim', 'Lyon', 'M', '1965-11-07', 'Scottsdale', 'AZ', ''),
(141, 'Dirk', 'Marshall', 'M', '1962-11-07', 'Houston', 'TX', ''),
(142, 'Kristina', 'Martin', 'F', '1969-11-07', 'Boston', 'MA', ''),
(143, 'Brent', 'Mays', 'M', '1963-11-01', 'St. Croix', 'VI', ''),
(144, 'Matthew', 'Mays', 'M', '1999-11-07', 'St. Croix', 'VI', ''),
(145, 'Katherine', 'McCarty', 'F', '1988-11-07', 'Charlotte', 'NC', ''),
(146, 'Marshall', 'McCormick', 'M', '1998-11-07', 'St Croix', 'VI', ''),
(147, 'Maggie', 'Meehan', 'F', '1957-11-07', 'New York', 'Ny', ''),
(148, 'Mimi', 'Minnick', 'F', '1966-11-07', 'Fairfax', 'VA', ''),
(149, 'Stephanie', 'Mischke', 'F', '1971-11-07', 'St. Petersburg', 'FL', ''),
(150, 'Amy', 'Moore', 'F', '1988-11-07', 'St Croix', 'VI', ''),
(151, 'John', 'Morris', 'M', '1972-11-07', 'San Francisco ', 'CA', ''),
(152, 'Todd', 'Newman', 'M', '1952-11-07', 'St. Croix', 'VI', ''),
(153, 'Froilan', 'Oliveras', 'M', '1969-11-07', 'Salinas', 'PR', ''),
(154, 'Martina', 'Pavlicova', 'F', '1972-11-07', 'New York', 'NY', ''),
(155, 'Ralf', 'Porsch', 'M', '1958-11-07', 'Land O Lakes', 'FL', ''),
(156, 'Randy', 'Porter', 'M', '1961-11-07', 'Grapevine', 'TX', ''),
(157, 'Emma', 'Rearson', 'F', '2000-11-07', 'Dresher', 'PA', ''),
(158, 'Karina', 'Rowe', 'F', '1980-11-07', 'St Croix', 'VI', ''),
(159, 'Jennifer', 'Samway', 'F', '1967-11-07', 'Miami Beach', 'FL', ''),
(160, 'Jane', 'Schmidt', 'F', '1963-11-07', 'Pasadena', 'MD', ''),
(161, 'Robert', 'Schnittman', 'M', '1987-11-07', 'Atlanta', 'GA', ''),
(162, 'Robin', 'Seila', 'F', '1983-11-07', 'St Croix', 'VI', ''),
(163, 'Samantha', 'Shannon', 'F', '1982-11-07', 'Rochester', 'MN', ''),
(164, 'Daniel', 'Snyder', 'M', '1968-11-07', 'Los Gatos', 'CA', ''),
(165, 'greg', 'stanek', 'M', '1968-11-07', 'St Petersburg', 'FL', ''),
(166, 'Marcia', 'Taylor', 'F', '1955-11-07', 'St. Croix', 'VI', ''),
(167, 'Jonathan', 'Thomas', 'M', '1999-11-07', 'St Croix', 'VI', ''),
(168, 'Cheech', 'Thomas', 'M', '1947-11-07', 'St Croix', 'VI', ''),
(169, 'Ariel', 'Tormey', 'F', '1990-11-07', 'Frederiksted', 'VI', ''),
(170, 'John', 'Townsley', 'M', '1963-11-07', 'Dallas', 'TX', ''),
(171, 'Robert', 'Tozer', 'M', '1965-11-07', 'Bedford', 'PA', ''),
(172, 'Paul', 'Valitutto', 'M', '1971-11-07', 'Tampa', 'FL', ''),
(173, 'Christopher', 'Young', 'M', '1971-11-07', 'Columbia', 'MD', ''),
(174, 'Patsy', 'Cowperthwaite', 'F', '1962-11-07', 'Parkes', 'NSW', ''),
(175, 'Danielle', 'Gaudette', 'F', '1977-07-27', 'St. Croix', 'VI', ''),
(176, 'Jessica', 'Gruber', 'F', '1973-11-07', 'West Palm Beach', 'FL', ''),
(177, 'Nancy', 'Kavan', 'F', '1967-11-07', 'Anchorage', 'AK', ''),
(178, 'Kathleen', 'Moore', 'F', '1974-11-07', 'Windsor', 'VA', ''),
(179, 'Beth', 'Prodoehl', 'F', '1964-11-07', 'Broomall', 'PA', ''),
(180, 'Bridget', 'Klein', 'F', '1983-11-07', 'St Croix', 'VI', ''),
(181, 'Chloe', 'Phillips-Hayden', 'F', '1999-11-07', 'St Croix', 'VI', ''),
(182, 'Stephen', 'Wagner', 'M', '1978-10-05', 'Christiansted', 'VI', ''),
(183, 'Julie', 'Billingsley', 'F', '1978-10-05', 'Chevy Chase', 'MD', ''),
(184, 'Heidi', 'Snow', 'F', '1976-01-06', 'Christiansted', 'VI', ''),
(185, 'Colton', 'Fauquher', 'M', '2003-10-28', 'Frederiksted', 'VI', ''),
(186, 'Elizabeth', 'Armstrong', 'F', '1966-04-01', 'Christiansted', 'VI', ''),
(187, 'Wayne', 'Nichols', 'M', '1955-01-11', 'Christiansted', 'VI', ''),
(188, 'Gonzalo', 'Berrios', 'M', '1987-10-21', 'Frederiksted', 'VI', ''),
(189, 'Charlotte', 'Halk', 'F', '2004-07-02', 'Christiansted', 'VI', ''),
(190, 'James', 'Breen', 'M', '1961-08-07', 'Atlanta', 'GA', ''),
(191, 'Ryan', 'Williams', 'M', '1973-05-25', 'Pompano Beach', 'FL', '');

-- --------------------------------------------------------

--
-- Table structure for table `TimeRace`
--

CREATE TABLE IF NOT EXISTS `TimeRace` (
`ID` int(11) NOT NULL,
  `RaceID` int(11) NOT NULL,
  `StartTime` datetime NOT NULL,
  `Status` int(11) NOT NULL
) ENGINE=InnoDB AUTO_INCREMENT=4 DEFAULT CHARSET=armscii8;

--
-- Dumping data for table `TimeRace`
--

INSERT INTO `TimeRace` (`ID`, `RaceID`, `StartTime`, `Status`) VALUES
(1, 1, '2015-11-08 07:30:09', 1),
(2, 2, '2015-11-08 08:19:23', 1),
(3, 3, '2015-11-08 09:15:09', 1);

-- --------------------------------------------------------

--
-- Table structure for table `TimeSwimmer`
--

CREATE TABLE IF NOT EXISTS `TimeSwimmer` (
`ID` int(11) NOT NULL,
  `RaceSwimmerID` int(11) NOT NULL,
  `FinishTime` datetime NOT NULL,
  `Status` int(11) NOT NULL
) ENGINE=InnoDB AUTO_INCREMENT=190 DEFAULT CHARSET=armscii8;

--
-- Dumping data for table `TimeSwimmer`
--

INSERT INTO `TimeSwimmer` (`ID`, `RaceSwimmerID`, `FinishTime`, `Status`) VALUES
(1, 92, '2015-11-08 08:50:01', 1),
(2, 92, '2015-11-08 08:50:01', 1),
(3, 92, '2015-11-08 08:50:01', 1),
(4, 92, '2015-11-08 08:50:01', 1),
(5, 92, '2015-11-08 08:50:01', 1),
(6, 88, '2015-11-08 09:11:54', 1),
(7, 162, '2015-11-08 09:14:58', 1),
(8, 133, '2015-11-08 09:16:15', 1),
(9, 125, '2015-11-08 09:16:27', 1),
(10, 87, '2015-11-08 09:16:42', 1),
(11, 56, '2015-11-08 09:17:36', 1),
(12, 11, '2015-11-08 09:17:36', 1),
(13, 56, '2015-11-08 09:17:57', 1),
(14, 11, '2015-11-08 09:18:06', 1),
(15, 92, '2015-11-08 09:18:07', 1),
(16, 75, '2015-11-08 09:18:50', 1),
(17, 23, '2015-11-08 09:19:00', 1),
(18, 138, '2015-11-08 09:19:41', 1),
(19, 147, '2015-11-08 09:22:31', 1),
(20, 36, '2015-11-08 09:22:40', 1),
(21, 157, '2015-11-08 09:23:11', 1),
(22, 149, '2015-11-08 09:23:46', 1),
(23, 63, '2015-11-08 09:25:13', 1),
(24, 163, '2015-11-08 09:25:27', 1),
(25, 13, '2015-11-08 09:26:30', 1),
(26, 85, '2015-11-08 09:26:34', 1),
(27, 156, '2015-11-08 09:26:43', 1),
(28, 40, '2015-11-08 09:26:50', 1),
(29, 161, '2015-11-08 09:27:01', 1),
(30, 150, '2015-11-08 09:27:08', 1),
(31, 6, '2015-11-08 09:27:29', 1),
(32, 131, '2015-11-08 09:27:40', 1),
(33, 49, '2015-11-08 09:27:59', 1),
(34, 49, '2015-11-08 09:28:18', 1),
(35, 24, '2015-11-08 09:28:33', 1),
(36, 108, '2015-11-08 09:28:43', 1),
(37, 22, '2015-11-08 09:29:59', 1),
(38, 44, '2015-11-08 09:30:25', 1),
(39, 165, '2015-11-08 09:33:36', 1),
(40, 111, '2015-11-08 09:33:44', 1),
(41, 45, '2015-11-08 09:34:05', 1),
(42, 137, '2015-11-08 09:35:17', 1),
(43, 92, '2015-11-08 09:35:17', 1),
(44, 171, '2015-11-08 09:18:05', 1),
(45, 152, '2015-11-08 09:36:28', 1),
(46, 10, '2015-11-08 09:36:40', 1),
(47, 145, '2015-11-08 09:37:10', 1),
(48, 62, '2015-11-08 09:37:24', 1),
(49, 96, '2015-11-08 09:37:24', 1),
(50, 128, '2015-11-08 09:37:43', 1),
(51, 144, '2015-11-08 09:37:47', 1),
(52, 158, '2015-11-08 09:38:50', 1),
(53, 104, '2015-11-08 09:39:21', 1),
(54, 104, '2015-11-08 09:39:21', 1),
(55, 113, '2015-11-08 09:39:34', 1),
(56, 140, '2015-11-08 09:39:37', 1),
(57, 126, '2015-11-08 09:39:53', 1),
(58, 113, '2015-11-08 09:40:08', 1),
(59, 170, '2015-11-08 09:41:35', 1),
(60, 170, '2015-11-08 09:41:37', 1),
(61, 117, '2015-11-08 09:41:48', 1),
(62, 117, '2015-11-08 09:41:56', 1),
(63, 41, '2015-11-08 09:42:24', 1),
(64, 68, '2015-11-08 09:42:47', 1),
(65, 41, '2015-11-08 09:42:53', 1),
(66, 101, '2015-11-08 09:43:48', 1),
(67, 130, '2015-11-08 09:44:15', 1),
(68, 69, '2015-11-08 09:44:28', 1),
(69, 69, '2015-11-08 09:45:13', 1),
(70, 59, '2015-11-08 09:46:04', 1),
(71, 55, '2015-11-08 09:46:05', 1),
(72, 102, '2015-11-08 09:46:14', 1),
(73, 70, '2015-11-08 09:46:43', 1),
(74, 34, '2015-11-08 09:47:00', 1),
(75, 34, '2015-11-08 09:47:00', 1),
(76, 39, '2015-11-08 09:47:30', 1),
(77, 142, '2015-11-08 09:47:37', 1),
(78, 142, '2015-11-08 09:47:37', 1),
(79, 141, '2015-11-08 09:47:49', 1),
(80, 94, '2015-11-08 09:48:14', 1),
(81, 119, '2015-11-08 09:48:23', 1),
(82, 51, '2015-11-08 09:48:36', 1),
(83, 28, '2015-11-08 09:49:11', 1),
(84, 27, '2015-11-08 09:49:12', 1),
(85, 25, '2015-11-08 09:49:19', 1),
(86, 167, '2015-11-08 09:49:26', 1),
(87, 93, '2015-11-08 09:49:38', 1),
(88, 95, '2015-11-08 09:49:39', 1),
(89, 53, '2015-11-08 09:50:02', 1),
(90, 123, '2015-11-08 09:50:14', 1),
(91, 58, '2015-11-08 09:50:32', 1),
(92, 139, '2015-11-08 09:51:13', 1),
(93, 121, '2015-11-08 09:51:14', 1),
(94, 2, '2015-11-08 09:51:19', 1),
(95, 65, '2015-11-08 09:52:14', 1),
(96, 98, '2015-11-08 09:52:37', 1),
(97, 99, '2015-11-08 09:52:39', 1),
(98, 99, '2015-11-08 09:52:44', 1),
(99, 81, '2015-11-08 09:53:13', 1),
(100, 169, '2015-11-08 09:53:33', 1),
(101, 148, '2015-11-08 09:53:36', 1),
(102, 30, '2015-11-08 09:54:27', 1),
(103, 46, '2015-11-08 09:54:58', 1),
(104, 7, '2015-11-08 09:55:05', 1),
(105, 71, '2015-11-08 09:55:12', 1),
(106, 54, '2015-11-08 09:55:58', 1),
(107, 166, '2015-11-08 09:56:51', 1),
(108, 1, '2015-11-08 09:56:52', 1),
(109, 80, '2015-11-08 09:57:03', 1),
(110, 134, '2015-11-08 09:58:19', 1),
(111, 43, '2015-11-08 09:58:53', 1),
(112, 136, '2015-11-08 09:59:09', 1),
(113, 38, '2015-11-08 09:59:25', 1),
(114, 47, '2015-11-08 09:59:37', 1),
(115, 151, '2015-11-08 10:00:10', 1),
(116, 107, '2015-11-08 10:00:20', 1),
(117, 15, '2015-11-08 10:00:32', 1),
(118, 8, '2015-11-08 10:00:57', 1),
(119, 42, '2015-11-08 10:01:00', 1),
(120, 52, '2015-11-08 10:01:12', 1),
(121, 64, '2015-11-08 10:01:51', 1),
(122, 67, '2015-11-08 10:02:11', 1),
(123, 78, '2015-11-08 10:02:12', 1),
(124, 17, '2015-11-08 10:02:14', 1),
(125, 19, '2015-11-08 10:02:32', 1),
(126, 20, '2015-11-08 10:02:36', 1),
(127, 74, '2015-11-08 10:02:36', 1),
(128, 86, '2015-11-08 10:02:40', 1),
(129, 50, '2015-11-08 10:02:49', 1),
(130, 32, '2015-11-08 10:03:01', 1),
(132, 90, '2015-11-08 10:03:28', 1),
(133, 168, '2015-11-08 10:03:42', 1),
(134, 146, '2015-11-08 10:04:05', 1),
(135, 91, '2015-11-08 10:04:36', 1),
(136, 12, '2015-11-08 10:05:12', 1),
(137, 110, '2015-11-08 10:05:31', 1),
(138, 33, '2015-11-08 10:06:36', 1),
(139, 48, '2015-11-08 10:06:37', 1),
(140, 112, '2015-11-08 10:07:10', 1),
(141, 106, '2015-11-08 10:08:05', 1),
(142, 77, '2015-11-08 10:08:15', 1),
(143, 124, '2015-11-08 10:08:29', 1),
(144, 135, '2015-11-08 10:09:33', 1),
(145, 14, '2015-11-08 10:10:05', 1),
(146, 92, '2015-11-08 10:10:05', 1),
(147, 14, '2015-11-08 10:10:06', 1),
(148, 103, '2015-11-08 10:10:12', 1),
(149, 82, '2015-11-08 10:10:41', 1),
(150, 26, '2015-11-08 10:11:08', 1),
(151, 79, '2015-11-08 10:12:36', 1),
(152, 29, '2015-11-08 10:13:07', 1),
(153, 18, '2015-11-08 10:13:24', 1),
(154, 35, '2015-11-08 10:13:37', 1),
(155, 89, '2015-11-08 09:35:27', 1),
(156, 76, '2015-11-08 10:17:47', 1),
(157, 21, '2015-11-08 10:17:51', 1),
(158, 61, '2015-11-08 10:18:10', 1),
(159, 60, '2015-11-08 10:18:12', 1),
(160, 73, '2015-11-08 10:18:52', 1),
(161, 118, '2015-11-08 10:19:56', 1),
(162, 164, '2015-11-08 10:21:06', 1),
(163, 66, '2015-11-08 10:21:10', 1),
(164, 57, '2015-11-08 10:24:52', 1),
(165, 122, '2015-11-08 10:25:29', 1),
(166, 122, '2015-11-08 10:26:30', 1),
(167, 84, '2015-11-08 10:26:59', 1),
(168, 72, '2015-11-08 10:28:35', 1),
(169, 37, '2015-11-08 10:28:38', 1),
(170, 109, '2015-11-08 10:28:52', 1),
(171, 5, '2015-11-08 10:29:35', 1),
(172, 155, '2015-11-08 10:31:01', 1),
(173, 9, '2015-11-08 10:33:16', 1),
(174, 97, '2015-11-08 10:33:37', 1),
(175, 31, '2015-11-08 10:34:55', 1),
(176, 116, '2015-11-08 10:37:26', 1),
(177, 114, '2015-11-08 10:37:27', 1),
(178, 159, '2015-11-08 10:40:06', 1),
(179, 115, '2015-11-08 10:42:05', 1),
(180, 154, '2015-11-08 10:42:52', 1),
(181, 153, '2015-11-08 10:42:53', 1),
(182, 16, '2015-11-08 10:44:54', 1),
(183, 3, '2015-11-08 10:50:51', 1),
(184, 3, '2015-11-08 10:50:52', 1),
(185, 83, '2015-11-08 10:56:56', 1),
(186, 4, '2015-11-08 11:01:28', 1),
(187, 4, '2015-11-08 11:01:48', 1),
(188, 105, '2015-11-08 11:07:29', 1),
(189, 160, '2015-11-08 10:18:24', 1);

--
-- Indexes for dumped tables
--

--
-- Indexes for table `Races`
--
ALTER TABLE `Races`
 ADD PRIMARY KEY (`ID`);

--
-- Indexes for table `RaceSwimmers`
--
ALTER TABLE `RaceSwimmers`
 ADD PRIMARY KEY (`ID`);

--
-- Indexes for table `Swimmers`
--
ALTER TABLE `Swimmers`
 ADD PRIMARY KEY (`ID`);

--
-- Indexes for table `TimeRace`
--
ALTER TABLE `TimeRace`
 ADD PRIMARY KEY (`ID`);

--
-- Indexes for table `TimeSwimmer`
--
ALTER TABLE `TimeSwimmer`
 ADD PRIMARY KEY (`ID`);

--
-- AUTO_INCREMENT for dumped tables
--

--
-- AUTO_INCREMENT for table `Races`
--
ALTER TABLE `Races`
MODIFY `ID` int(11) NOT NULL AUTO_INCREMENT,AUTO_INCREMENT=4;
--
-- AUTO_INCREMENT for table `RaceSwimmers`
--
ALTER TABLE `RaceSwimmers`
MODIFY `ID` int(11) NOT NULL AUTO_INCREMENT,AUTO_INCREMENT=172;
--
-- AUTO_INCREMENT for table `Swimmers`
--
ALTER TABLE `Swimmers`
MODIFY `ID` int(11) NOT NULL AUTO_INCREMENT,AUTO_INCREMENT=192;
--
-- AUTO_INCREMENT for table `TimeRace`
--
ALTER TABLE `TimeRace`
MODIFY `ID` int(11) NOT NULL AUTO_INCREMENT,AUTO_INCREMENT=4;
--
-- AUTO_INCREMENT for table `TimeSwimmer`
--
ALTER TABLE `TimeSwimmer`
MODIFY `ID` int(11) NOT NULL AUTO_INCREMENT,AUTO_INCREMENT=190;
/*!40101 SET CHARACTER_SET_CLIENT=@OLD_CHARACTER_SET_CLIENT */;
/*!40101 SET CHARACTER_SET_RESULTS=@OLD_CHARACTER_SET_RESULTS */;
/*!40101 SET COLLATION_CONNECTION=@OLD_COLLATION_CONNECTION */;
